{
    "FollowCamera": {
        "Settings": {
            "Offset": [
                0.0,
                38.29999923706055,
                -8.5
            ],
            "Pitch": 1.350000023841858,
            "Yaw": 0.0
        }
    }
}
