{
    "FollowCamera": {
        "Settings": {
            "Offset": [
                0.0,
                24.600000381469727,
                -5.5
            ],
            "Pitch": 1.350000023841858,
            "Yaw": 0.0
        }
    }
}
