{
    "FollowCamera": {
        "Settings": {
            "Offset": [
                0.0,
                22.200000762939453,
                -8.399999618530273
            ],
            "Pitch": 1.2000000476837158,
            "Yaw": 0.0
        }
    }
}
