{
    "Emitters": [
        {
            "Color": [
                0.3499999940395355,
                0.0,
                0.8999999761581421,
                0.8500000238418579
            ],
            "Duration": 2.200000047683716,
            "Frequency": 0.0,
            "Size": [
                0.18000000715255737,
                0.18000000715255737,
                0.18000000715255737
            ],
            "SpawnCount": 8,
            "SpawnFunc": "bh_spawn",
            "Texture": "white_x16.png",
            "UpdateFunc": "bh_suction",
            "Velocity": [
                0.0,
                0.0,
                0.0
            ]
        }
    ]
}