{
    "Emitters": [
        {
            "Color": [
                1.0,
                0.20000000298023224,
                0.20000000298023224,
                0.8999999761581421
            ],
            "Duration": 0.699999988079071,
            "Frequency": 0.0,
            "Size": [
                0.12999999523162842,
                0.12999999523162842,
                0.12999999523162842
            ],
            "SpawnCount": 20,
            "Texture": "white_x16.png",
            "UpdateFunc": "enemy_hit_explosion",
            "Velocity": [
                0.0,
                0.0,
                0.0
            ]
        }
    ]
}