{
    "Emitters": [
        {
            "Color": [
                0.32156863808631897,
                0.27843138575553894,
                0.41960784792900085,
                1.0
            ],
            "Duration": 0.5400000214576721,
            "Frequency": 0.7799999713897705,
            "Size": [
                0.10000000149011612,
                0.10000000149011612,
                0.10000000149011612
            ],
            "SpawnCount": 2,
            "SpawnFunc": "field_fog_spawn",
            "Texture": "white_x16.png",
            "UpdateFunc": "field_fog_update",
            "Velocity": [
                0.0,
                0.0,
                0.0
            ]
        }
    ]
}