{
    "Emitters": [
        {
            "Color": [
                0.0,
                0.20000000298023224,
                1.0,
                0.8999999761581421
            ],
            "Duration": 0.699999988079071,
            "Frequency": 0.0,
            "Size": [
                0.30000001192092896,
                0.30000001192092896,
                0.30000001192092896
            ],
            "SpawnCount": 15,
            "Texture": "white_x16.png",
            "UpdateFunc": "hit_explosion",
            "Velocity": [
                0.0,
                0.0,
                0.0
            ]
        }
    ]
}