{
    "Camera": {
        "Default": {
            "Position": [
                0.0,
                22.200000762939453,
                -8.399999618530273
            ],
            "Rotate": [
                1.2000000476837158,
                0.0,
                0.0
            ]
        }
    }
}
