{
    "Light": {
        "aca4f29a-6613-480b-9f39-88aa6ef1d082": {
            "color": [
                1.0,
                1.0,
                1.0,
                1.0
            ],
            "decay": 0.8600000143051147,
            "intensity": 1.0,
            "position": [
                0.0,
                4.800000190734863,
                0.0
            ],
            "radius": 100.0,
            "type": 1
        }
    }
}
