{
    "Light": {
        "aca4f29a-6613-480b-9f39-88aa6ef1d082": {
            "color": [
                1.0,
                1.0,
                1.0,
                1.0
            ],
            "decay": 1.4800000190734863,
            "intensity": 0.6299999952316284,
            "position": [
                3.822784900665283,
                4.0,
                -7.353867530822754
            ],
            "radius": 13.1899995803833,
            "type": 1
        }
    }
}
