{
    "Light": {
        "aca4f29a-6613-480b-9f39-88aa6ef1d082": {
            "color": [
                1.0,
                1.0,
                1.0,
                1.0
            ],
            "decay": 1.7599999904632568,
            "intensity": 0.49000000953674316,
            "position": [
                57.96051788330078,
                4.5,
                5.254065036773682
            ],
            "radius": 19.6299991607666,
            "type": 1
        }
    }
}
