{
    "Start": {
        "color": [
            0.639,
            0.05000000074505806,
            0.05000000074505806
        ],
        "intensity": 0.5,
        "scale": 0.2000000476837158
    },
    "End": {
        "color": [
            0.05000000074505806,
            0.05000000074505806,
            0.05000000074505806
        ],
        "intensity": 0.5,
        "scale": 0.0
    },
    "keyframes": [
        "Start",
        "End"
    ]
}